Index,Previous Hash,Hash,Stake,Miner,Data
1,eb80a0db9db5da615e590a33c663095d2b081b317606aad13952f2ee18ce4ca5,9b56d8914ef3a3beb53a6783a9527783d0993dac172fb2930f6d3b908dd92b23,100,Alice,Transaction 1: Alice -> Bob: 10 QBits
0,2024-11-27 22:42:40.439153,Genesis Block,0,3ad490237e1cb3bdf7d8440b22e6668bec2664c39f5b8c0847d2fd955df6e54d
0,2024-11-27 22:50:12.482639,Genesis Block,0,ff66db4897298a4e699e6f8584d7038db9f74675494a2a8747f9cb060f8fc7fe
1,2024-11-27 22:50:17.422741,rup,ff66db4897298a4e699e6f8584d7038db9f74675494a2a8747f9cb060f8fc7fe,2c12caa04dfca94f3e50fc2eefd3187985215cb02029285fd1413f288e69bfd1
2,2024-11-27 22:50:24.291018,bun,2c12caa04dfca94f3e50fc2eefd3187985215cb02029285fd1413f288e69bfd1,71b3c3c1c7149f07b45713ed8110a03f3a13578866462d14d75f13e1ae1fa030
3,2024-11-27 22:50:33.932705,soumyadip ,71b3c3c1c7149f07b45713ed8110a03f3a13578866462d14d75f13e1ae1fa030,0c2b999dd658d639f16fe3972430bcf4ce46cdc747b0af51c455129e366289e5
4,2024-11-27 22:50:38.075450,paul,0c2b999dd658d639f16fe3972430bcf4ce46cdc747b0af51c455129e366289e5,d98962b970ab9cb208256e5f03e056dce244ea03e20b4a8896a0594e970bc09c
0,2024-11-27 22:52:15.393777,Genesis Block,0,fe3372091f8618662ef2193abb5ee7d387d5e240649ce64c4acae0529d4b956a
1,2024-11-27 22:52:20.830689,asdfgh,fe3372091f8618662ef2193abb5ee7d387d5e240649ce64c4acae0529d4b956a,9b1b949c6c77a87b81ac105cc1693e6c93532c68c7855551983e56ac6c799905
2,2024-11-27 22:52:21.982858,asdfghj,9b1b949c6c77a87b81ac105cc1693e6c93532c68c7855551983e56ac6c799905,356e0abd1ff9f2dba9f7cb4d8960dbdb8943b38ca9d7860676bbe5a9e12811cd
3,2024-11-27 22:52:23.038953,asdfgh,356e0abd1ff9f2dba9f7cb4d8960dbdb8943b38ca9d7860676bbe5a9e12811cd,aab81f6b886e7ba49919221f5d53adea97c5964d5f11bfcde9f102045c390d5c
4,2024-11-27 22:52:24.302601,sdfgh,aab81f6b886e7ba49919221f5d53adea97c5964d5f11bfcde9f102045c390d5c,2c284177d6c94ab918b62d07c37af8b986232e7808a5e8f61aa4094f04807f3c
5,2024-11-27 22:52:25.322845,asdfghj,2c284177d6c94ab918b62d07c37af8b986232e7808a5e8f61aa4094f04807f3c,e324180e451106d938d15bef82662c87fe0a08e520b1a0d1f94214c4c25a9409
6,2024-11-27 22:52:26.353668,asdfgh,e324180e451106d938d15bef82662c87fe0a08e520b1a0d1f94214c4c25a9409,59d5279bde9a96ffdce3b1ef223a9611bbbfdf858ca69b773f0d69dfc0fdf154
7,2024-11-27 22:52:27.468037,asdfghj,59d5279bde9a96ffdce3b1ef223a9611bbbfdf858ca69b773f0d69dfc0fdf154,2e166c39c7751793008ee3bf85aacea04f301b9c9af82e41388820fcb1d561bd
8,2024-11-27 22:52:28.573028,asdfghj,2e166c39c7751793008ee3bf85aacea04f301b9c9af82e41388820fcb1d561bd,a76f2ef53f8f32f03960697973291ca4d5d93f314430b794727933c36518f909
9,2024-11-27 22:52:29.620115,asdfgh,a76f2ef53f8f32f03960697973291ca4d5d93f314430b794727933c36518f909,89d9f465f9414947875865b7ee048211a1e40ee2522c4ebdd2839cc8731069c9
0,2024-11-27 23:01:53.228659,Genesis Block,0,e30176959c910ede64f5012c2f64d8ed46d8c63642dc12d1acedfbb734828f54
0,2024-11-27 23:04:12.859692,Genesis Block,0,a13b285f641233307cd427ffe9ab8654c40cd70b93c34748669ba73c085ad595
